website,url,category,dr,priority,tier,status,submitted,approved,link_url,anchor_text,dofollow,followup_date,outreach_template,notes
G2,https://www.g2.com,Software review directories,93,High,A,Package Ready,,,,PilotStack,,,Template 4,Requires verified reviews; start review collection campaign
Capterra,https://www.capterra.com,Software review directories,91,High,A,Package Ready,,,,PilotStack,,,Template 4,Requires verified reviews
TrustRadius,https://www.trustradius.com,Software review directories,82,High,A,Package Ready,,,,PilotStack,,,Template 4,Buyer-verified reviews; hardest of tier 1
GetApp,https://www.getapp.com,Software review directories,87,High,A,Package Ready,,,,PilotStack,,,Template 4,Gartner network; syncs with Capterra
Software Advice,https://www.softwareadvice.com,Software review directories,85,High,A,Package Ready,,,,PilotStack,,,Template 4,Gartner network
ITQlick,https://www.itqlick.com,Software review directories,62,Medium,B,Package Ready,,,,PilotStack,,,Template 4,Slow approval; comparison focus
CompareCamp,https://www.comparecamp.com,Software review directories,60,Medium,B,Package Ready,,,,PilotStack,,,Template 4,Editorial bar
SoftwareReviews,https://www.softwarereviews.com,Software review directories,65,Medium,B,Package Ready,,,,PilotStack,,,Template 4,Info-Tech; enterprise reviews
SaaSHub,https://www.saashub.com,SaaS directories,70,High,B,Package Ready,,,,PilotStack,,,Template 4,Straightforward form
AlternativeTo,https://alternativeto.net,SaaS directories,88,High,B,Package Ready,,,,PilotStack,,,Template 4,Needs real users to suggest listing
SoftwareSuggest,https://www.softwaresuggest.com,SaaS directories,70,High,B,Package Ready,,,,PilotStack,,,Template 4,High traffic
SaaSworthy,https://www.saasworthy.com,SaaS directories,58,Medium,C,Package Ready,,,,PilotStack,,,Template 4,Quick submission
FinancesOnline,https://financesonline.com,SaaS directories,75,High,B,Package Ready,,,,PilotStack,,,Template 4,Pitch research angle
Crozdesk,https://crozdesk.com,SaaS directories,62,Medium,C,Package Ready,,,,PilotStack,,,Template 4,AI matching; fast approval
GoodFirms,https://www.goodfirms.co,SaaS directories,71,Medium,C,Package Ready,,,,PilotStack,,,Template 4,Complete profile
SoftwareWorld,https://www.softwareworld.co,SaaS directories,60,Medium,C,Package Ready,,,,PilotStack,,,Template 4,Enterprise focus
SaaS Genius,https://saasgenius.com,SaaS directories,45,Low,C,Package Ready,,,,PilotStack,,,Template 4,Small niche directory
Toolfolio,https://toolfolio.io,SaaS directories,35,Low,D,Package Ready,,,,PilotStack,,,Template 4,Fast win
Crunchbase,https://www.crunchbase.com,Startup directories,88,High,C,Package Ready,,,,PilotStack,,,Template 4,Claim profile; citation value
Wellfound,https://wellfound.com,Startup directories,78,Medium,C,Package Ready,,,,PilotStack,,,Template 4,Complete every field
F6S,https://www.f6s.com,Startup directories,72,Medium,C,Package Ready,,,,PilotStack,,,Template 4,Dofollow startup DB
StartupBlink,https://www.startupblink.com,Startup directories,68,Medium,C,Package Ready,,,,PilotStack,,,Template 4,Map pin + profile
Startup Ranking,https://www.startupranking.com,Startup directories,60,Low,C,Package Ready,,,,PilotStack,,,Template 4,Voting based
Startup Stash,https://startupstash.com,Startup directories,65,Medium,B,Package Ready,,,,PilotStack,,,Template 4,Editorial curation
Startups.fyi,https://startups.fyi,Startup directories,55,Low,C,Package Ready,,,,PilotStack,,,Template 4,Simple form
The Org,https://theorg.com,Startup directories,58,Low,C,Package Ready,,,,PilotStack,,,Template 4,Org chart listing
TheresAnAIForThat,https://theresanaiforthat.com,AI directories,68,High,C,Package Ready,,,,PilotStack,,,Template 4,Position as AI-assisted review platform
Futurepedia,https://www.futurepedia.io,AI directories,60,High,C,Package Ready,,,,PilotStack,,,Template 4,Weekly featured spots
Future Tools,https://www.futuretools.io,AI directories,55,Medium,C,Package Ready,,,,PilotStack,,,Template 4,Newsletter + directory
Toolify,https://www.toolify.ai,AI directories,50,Medium,C,Package Ready,,,,PilotStack,,,Template 4,High volume traffic
TopAI.tools,https://topai.tools,AI directories,45,Medium,C,Package Ready,,,,PilotStack,,,Template 4,Community voting
Supertools,https://supertools.therundown.ai,AI directories,55,Medium,C,Package Ready,,,,PilotStack,,,Template 4,The Rundown ecosystem
Insidr AI,https://insidr.ai,AI directories,40,Low,D,Package Ready,,,,PilotStack,,,Template 4,Small directory
Dang AI,https://dang.ai,AI directories,35,Low,D,Package Ready,,,,PilotStack,,,Template 4,Quick submit
Stack Overflow,https://stackoverflow.com,Developer communities,93,Medium,A,Package Ready,,,,PilotStack,,,Template 1,Answer best-review-site questions; no spam
DEV Community,https://dev.to,Developer communities,87,High,B,Package Ready,,,,PilotStack,,,Template 1,Cross-post with canonical tags
Hashnode,https://hashnode.com,Developer communities,80,Medium,B,Package Ready,,,,PilotStack,,,Template 1,Blog cross-post
Hacker News,https://news.ycombinator.com,Developer communities,95,High,A,Package Ready,,,,PilotStack,,,Template 1,Show HN with data story
Lobsters,https://lobste.rs,Developer communities,55,Low,C,Package Ready,,,,PilotStack,,,Template 1,Participate first; invite-only posting
Reddit,https://www.reddit.com,Developer communities,93,Medium,B,Package Ready,,,,PilotStack,,,Template 1,r/SaaS r/software; value-first
GitHub,https://github.com,Open-source communities,95,High,A,Submitted,2026-08-03,,https://anassfaleh0-cell.github.io/pilotstack-toolkit/,PilotStack,Yes,,Template 1,Toolkit repo + GitHub Pages live; README link on stackpilot repo; discussions #1 #2
GitLab,https://gitlab.com,Open-source communities,85,Low,B,Package Ready,,,,PilotStack,,,Template 1,Only if open-sourcing tooling
SourceForge,https://sourceforge.net,Open-source communities,75,Medium,C,Package Ready,,,,PilotStack,,,Template 4,Only for genuinely free tools
OpenHub,https://openhub.net,Open-source communities,60,Low,D,Package Ready,,,,PilotStack,,,Template 4,Requires OSS repo
FSF Directory,https://directory.fsf.org,Open-source communities,60,Low,D,Package Ready,,,,PilotStack,,,Template 4,Fully free-licensed projects only
fosstodon,https://fosstodon.org,Open-source communities,50,Low,C,Package Ready,,,,PilotStack,,,Template 1,Share research; dev/OSS audience
Clutch,https://clutch.co,Business listings,70,High,B,Package Ready,,,,PilotStack,,,Template 4,Needs verified client reviews
Trustpilot,https://www.trustpilot.com,Business listings,90,Medium,B,Package Ready,,,,PilotStack,,,Template 4,Claim business
Sitejabber,https://www.sitejabber.com,Business listings,70,Low,D,Package Ready,,,,PilotStack,,,Template 4,Claim business
ZoomInfo,https://www.zoominfo.com,Business listings,75,Low,D,Package Ready,,,,PilotStack,,,Template 4,Data accuracy
Dun & Bradstreet,https://www.dnb.com,Business listings,85,Low,D,Package Ready,,,,PilotStack,,,Template 4,Legitimacy signal
Product Hunt,https://www.producthunt.com,Product launch websites,92,High,A,Package Ready,,,,PilotStack,,,Template 1,One-time launch; prepare makers
BetaList,https://betalist.com,Product launch websites,70,Medium,D,Package Ready,,,,PilotStack,,,Template 4,Requires beta features
BetaPage,https://betapage.co,Product launch websites,50,Low,D,Package Ready,,,,PilotStack,,,Template 4,Fast submission
Launching Next,https://www.launchingnext.com,Product launch websites,40,Low,D,Package Ready,,,,PilotStack,,,Template 4,Time with launch week
Uneed,https://www.uneed.best,Product launch websites,45,Low,D,Package Ready,,,,PilotStack,,,Template 4,Complementary to PH launch
Search Engine Journal,https://www.searchenginejournal.com,Guest post opportunities,90,High,A,Package Ready,,,,PilotStack,,,Template 1,Data-driven SEO angles
Search Engine Land,https://searchengineland.com,Guest post opportunities,92,High,A,Package Ready,,,,PilotStack,,,Template 1,Strong methodology required
Content Marketing Institute,https://contentmarketinginstitute.com,Guest post opportunities,82,Medium,A,Package Ready,,,,PilotStack,,,Template 1,Content research angles
MarTech,https://martech.org,Guest post opportunities,90,Medium,A,Package Ready,,,,PilotStack,,,Template 1,MarTech stack data
Neil Patel,https://neilpatel.com,Guest post opportunities,88,Medium,A,Package Ready,,,,PilotStack,,,Template 1,Review analysis case studies
GrowthHackers,https://growthhackers.com,Guest post opportunities,70,Medium,C,Package Ready,,,,PilotStack,,,Template 1,Post + upvote strategy
SaaS Marketplace,https://saasmarketplace.co/write-for-us,Guest post opportunities,45,Low,C,Package Ready,,,,PilotStack,,,Template 1,Verified accepting; dofollow
IdeasPlusBusiness,https://ideasplusbusiness.com/write-for-us,Guest post opportunities,30,Low,D,Package Ready,,,,PilotStack,,,Template 1,Verified accepting; SaaS topics
Startup Resources,https://startupresources.io,Resource pages,40,Medium,C,Package Ready,,,,PilotStack,,,Template 2,Explicit submit channel
StackShare,https://stackshare.io,Resource pages,75,High,B,Package Ready,,,,PilotStack,,,Template 2,Publish our stack
Awesome Indie,https://awesomeindie.com,Resource pages,35,Low,D,Package Ready,,,,PilotStack,,,Template 2,Submit form
Postmake,https://postmake.io,Resource pages,35,Low,D,Package Ready,,,,PilotStack,,,Template 2,Curated indie tool directory
Startup Tools,https://startuptools.co,Resource pages,40,Medium,C,Package Ready,,,,PilotStack,,,Template 2,Submit channel
Tiny Helpers,https://tiny-helpers.dev,Resource pages,35,Low,D,Package Ready,,,,PilotStack,,,Template 2,Dev-adjacent angle
Tool Finder,https://toolfinder.co,Resource pages,35,Low,D,Package Ready,,,,PilotStack,,,Template 2,Review/roundup hybrid
Cayenne Consulting,https://www.caycon.com/resources,Resource pages,30,Low,D,Package Ready,,,,PilotStack,,,Template 2,Entrepreneur library resource page
SaaS Weekly,https://saasweekly.com,Link roundups,40,Medium,D,Package Ready,,,,PilotStack,,,Template 1,Weekly SaaS content curation
TLDR Marketing,https://tldrmarketing.com,Link roundups,60,Medium,C,Package Ready,,,,PilotStack,,,Template 1,Form-based submission
The Rundown AI,https://www.therundown.ai,Link roundups,65,Medium,B,Package Ready,,,,PilotStack,,,Template 8,Timely AI data pitches
Hacker News Digest,https://hndigest.com,Link roundups,30,Low,D,Package Ready,,,,PilotStack,,,Template 1,Weekly digest
SaaS Scout,https://saasscout.com,Link roundups,35,Low,D,Package Ready,,,,PilotStack,,,Template 4,Small but relevant
Startup Digest,https://www.startupdigest.com,Link roundups,65,Low,C,Package Ready,,,,PilotStack,,,Template 4,Regional digests
Starter Story,https://www.starterstory.com,Founder interview websites,70,High,B,Package Ready,,,,PilotStack,,,Template 5,Revenue-story format
IdeaMensch,https://ideamensch.com,Founder interview websites,55,Medium,B,Package Ready,,,,PilotStack,,,Template 5,Open to pitches
Failory,https://www.failory.com,Founder interview websites,60,Medium,B,Package Ready,,,,PilotStack,,,Template 5,Include lessons learned
SaaS Club,https://saasclub.io,Founder interview websites,50,Medium,B,Package Ready,,,,PilotStack,,,Template 5,SaaS focused; also podcast
How I Built It,https://howibuilt.it,Founder interview websites,35,Low,D,Package Ready,,,,PilotStack,,,Template 5,Product-build focus
Latka SaaS Interviews,https://www.getlatka.com,Founder interview websites,55,Low,C,Package Ready,,,,PilotStack,,,Template 5,Revenue proof required
The SaaS Podcast,https://saasclub.io/saas-podcast,Podcast websites,50,Medium,B,Package Ready,,,,PilotStack,,,Template 6,Very bookable
Indie Hackers Podcast,https://www.indiehackers.com/podcast,Podcast websites,80,High,B,Package Ready,,,,PilotStack,,,Template 6,Data story + journey
The Bootstrapped Founder,https://www.thebootstrappedfounder.com,Podcast websites,45,Medium,B,Package Ready,,,,PilotStack,,,Template 6,Highly bookable
SaaStr Podcast,https://www.saastr.com,Podcast websites,76,Medium,B,Package Ready,,,,PilotStack,,,Template 6,Needs strong GTM story
Lenny's Podcast,https://www.lennysnewsletter.com/podcast,Podcast websites,60,Low,B,Package Ready,,,,PilotStack,,,Template 6,Signature research needed
20VC,https://www.thetwentyminutevc.com,Podcast websites,65,Low,B,Package Ready,,,,PilotStack,,,Template 6,Fundraising angle only
TLDR,https://tldr.tech,Newsletters,70,Medium,B,Package Ready,,,,PilotStack,,,Template 1,Curated inclusion; sponsor slots are paid
SaaStr Daily,https://www.saastr.com,Newsletters,76,Medium,B,Package Ready,,,,PilotStack,,,Template 1,Content submission
Lenny's Newsletter,https://www.lennysnewsletter.com,Newsletters,60,Medium,B,Package Ready,,,,PilotStack,,,Template 1,Original frameworks only
Ben's Bites,https://www.bensbites.com,Newsletters,50,Medium,C,Package Ready,,,,PilotStack,,,Template 8,Timely AI data
Growth Unhinged,https://growthunhinged.com,Newsletters,45,Low,D,Package Ready,,,,PilotStack,,,Template 1,Growth experiments angle
Bootstrapped Founder Newsletter,https://www.thebootstrappedfounder.com,Newsletters,45,Low,D,Package Ready,,,,PilotStack,,,Template 1,Founder story + data
UC Davis Student Startup Center,https://startup.ucdavis.edu/resources/,University resource pages,75,Low,A,Package Ready,,,,PilotStack,,,Template 2,Curated startup tools page; contact listed
UCF Startup Library Guide,https://guides.ucf.edu/startup,University resource pages,80,Low,A,Package Ready,,,,PilotStack,,,Template 2,Pitch via librarian contact
Clarkson Research Tools,https://sites.clarkson.edu/library/research-tools-collections/guides/research-tools-apps/,University resource pages,50,Low,A,Package Ready,,,,PilotStack,,,Template 2,LibGuide with update history
UCLA Research Guides,https://guides.library.ucla.edu,University resource pages,90,Low,A,Package Ready,,,,PilotStack,,,Template 2,Highest authority; lowest odds
